,customer_id,0,1,prediction
0,,0.932655598791148,0.067344401208852,0
1,,0.9520483586203435,0.04795164137965649,0
2,,0.26009382660180214,0.7399061733981979,1
3,,0.3512005333702751,0.6487994666297249,1
4,,0.7988848047374363,0.2011151952625637,0
5,0013-MHZWF,0.8012656018373435,0.1987343981626565,0
6,0013-SMEOE,0.06908502596817179,0.9309149740318282,1
7,,0.30896749162215165,0.6910325083778484,1
8,,0.6464094032110081,0.3535905967889918,0
9,,0.3294559548260716,0.6705440451739284,1
10,,0.2723692294301354,0.7276307705698646,1
11,0017-IUDMW,0.779391105493976,0.22060889450602397,0
12,,0.9312040892804917,0.06879591071950833,0
13,,0.3003630866153836,0.6996369133846164,1
14,,0.20452768136270738,0.7954723186372926,1
15,,0.8636203681362993,0.13637963186370078,0
16,,0.8251993780291746,0.17480062197082538,0
17,0021-IKXGC,0.3521813348159044,0.6478186651840956,1
18,,0.8856292700525382,0.1143707299474618,0
19,,0.9593100638692104,0.0406899361307896,0
20,,0.12668054443478283,0.8733194555652172,1
21,,0.7859389906579907,0.21406100934200933,0
22,0027-KWYKW,0.8940228888173246,0.10597711118267543,0
23,0030-FNXPP,0.8516532936750034,0.1483467063249966,0
24,,0.1889990999791048,0.8110009000208952,1
25,,0.7347307839669881,0.26526921603301196,0
26,,0.09183549450581108,0.9081645054941889,1
27,,0.6413901655839953,0.35860983441600464,0
28,,0.895283935734348,0.10471606426565205,0
29,,0.16252446653136632,0.8374755334686337,1
30,0048-LUMLS,0.5221960206920203,0.4778039793079797,0
31,0048-PIHNL,0.933421240995746,0.06657875900425407,0
32,,0.743830844240104,0.2561691557598959,0
33,,0.9385468997624419,0.06145310023755813,0
34,,0.656177152911499,0.34382284708850097,0
35,0057-QBUQH,0.6501320833329722,0.34986791666702777,0
36,,0.8745741513682785,0.12542584863172143,0
37,,0.18437463794255005,0.81562536205745,1
38,,0.7994504224188566,0.20054957758114342,0
39,,0.28826846554279995,0.7117315344572,1
40,0067-DKWBL,0.17585582303203628,0.8241441769679637,1
41,0068-FIGTF,0.8818639849166544,0.11813601508334555,0
42,,0.9897221502641357,0.01027784973586437,0
43,0074-HDKDG,0.940643347710898,0.05935665228910208,0
44,,0.1331192738137874,0.8668807261862126,1
45,,0.6869480417870766,0.31305195821292336,0
46,,0.9636271918806526,0.036372808119347406,0
47,,0.16740484863749328,0.8325951513625067,1
48,0082-LDZUE,0.8048772302349099,0.1951227697650901,0
49,,0.7717342338729322,0.2282657661270678,0
50,,0.1571665856155574,0.8428334143844426,1
51,,0.8349453304866291,0.16505466951337086,0
52,,0.40579006124645867,0.5942099387535413,1
53,,0.13247785808140522,0.8675221419185948,1
54,,0.6880415288454251,0.3119584711545749,0
55,,0.9930688176524078,0.006931182347592149,0
56,,0.7396819815080999,0.2603180184919001,0
57,,0.9144109648979005,0.0855890351020995,0
58,,0.21994253947769105,0.780057460522309,1
59,,0.3036360438927156,0.6963639561072844,1
60,,0.2467561156022996,0.7532438843977004,1
61,,0.7681350794301588,0.23186492056984118,0
62,0106-UGRDO,0.7619003077694086,0.23809969223059133,0
63,,0.4584094873014093,0.5415905126985907,1
64,,0.9517379557049443,0.048262044295055664,0
65,,0.24154893478808237,0.7584510652119176,1
66,,0.9578270517338611,0.04217294826613894,0
67,0112-QWPNC,0.944186194449506,0.05581380555049394,0
68,,0.1448854306511128,0.8551145693488872,1
69,,0.14274710231948118,0.8572528976805188,1
70,,0.9542506949979044,0.045749305002095626,0
71,,0.15876778145191472,0.8412322185480853,1
72,0117-LFRMW,0.19552158128724817,0.8044784187127518,1
73,0118-JPNOY,0.9765530493293493,0.023446950670650682,0
74,,0.9790960690642355,0.0209039309357645,0
75,,0.9939978596892304,0.006002140310769582,0
76,,0.8294166954960267,0.17058330450397335,0
77,,0.18524470434560114,0.8147552956543989,1
78,0128-MKWSG,0.20835839130201517,0.7916416086979848,1
79,,0.44182815104489725,0.5581718489551027,1
80,,0.7921407737948217,0.20785922620517827,0
81,,0.5198113931509161,0.480188606849084,0
82,,0.19610710802870024,0.8038928919712998,1
83,,0.37583430415200914,0.6241656958479909,1
84,0135-NMXAP,0.3445864927415567,0.6554135072584433,1
85,,0.6453876586558978,0.3546123413441022,0
86,,0.9584840254367042,0.0415159745632958,0
87,,0.6698023304085501,0.33019766959144986,0
88,,0.7504067304011526,0.2495932695988474,0
89,,0.10115830082747757,0.8988416991725224,1
90,,0.33500524688974986,0.6649947531102501,1
91,,0.1361489178828651,0.8638510821171349,1
92,,0.739880443223403,0.26011955677659704,0
93,,0.07168288358488206,0.9283171164151179,1
94,,0.18432843406624455,0.8156715659337554,1
95,0164-APGRB,0.7275299663703784,0.27247003362962163,0
96,0164-XAIRP,0.9809612190088487,0.019038780991151322,0
97,,0.692117371115079,0.30788262888492096,0
98,,0.37314286403257746,0.6268571359674225,1
99,,0.3397784818954689,0.6602215181045311,1
100,,0.8146252364382213,0.18537476356177873,0
101,,0.9711634816864959,0.028836518313504117,0
102,,0.749341253047202,0.250658746952798,0
103,0186-CAERR,0.47848242329399604,0.521517576706004,1
104,,0.12985161612394047,0.8701483838760595,1
105,,0.11056525699408859,0.8894347430059114,1
106,,0.3611789890819904,0.6388210109180096,1
107,0191-EQUUH,0.2249684800109516,0.7750315199890484,1
108,0191-ZHSKZ,0.9226617584003525,0.07733824159964756,0
109,0193-ESZXP,0.6469952793780308,0.3530047206219692,0
110,,0.5924971973387065,0.40750280266129346,0
111,,0.3908683109953528,0.6091316890046472,1
112,,0.3298441618083684,0.6701558381916316,1
113,,0.8409972958071296,0.1590027041928704,0
114,,0.6295416882821241,0.37045831171787597,0
115,,0.6973873971899036,0.30261260281009633,0
116,,0.2909046262922119,0.7090953737077881,1
117,,0.3121364112965981,0.6878635887034019,1
118,0206-TBWLC,0.09187021858844546,0.9081297814115545,1
119,0207-MDKNV,0.5905361467232357,0.4094638532767642,0
120,0208-BPQEJ,0.18036375779664915,0.8196362422033509,1
121,0212-ISBBF,0.7995400631133288,0.20045993688667121,0
122,,0.40973203585336815,0.5902679641466319,1
123,,0.25730283065523374,0.7426971693447663,1
124,0218-QNVAS,0.8553114682276401,0.14468853177235985,0
125,,0.7439712212556342,0.2560287787443658,0
126,0219-YTZUE,0.13125318853400514,0.8687468114659949,1
127,,0.06779465600472834,0.9322053439952717,1
128,,0.0969804765488621,0.9030195234511379,1
129,0221-WMXNQ,0.39337720913715246,0.6066227908628475,1
130,,0.4597960732056555,0.5402039267943445,1
131,0224-HJAPT,0.6101229932062822,0.3898770067937179,0
132,,0.6910057819076151,0.3089942180923849,0
133,0224-RLWWD,0.958708897527798,0.04129110247220208,0
134,,0.2639023478367214,0.7360976521632786,1
135,,0.36629922824261363,0.6337007717573864,1
136,,0.9480257108621133,0.051974289137886716,0
137,,0.9344197375515189,0.06558026244848114,0
138,,0.2417691808301745,0.7582308191698255,1
139,,0.9896736186314798,0.010326381368520163,0
140,,0.227081896910025,0.772918103089975,1
141,,0.3177256988635596,0.6822743011364404,1
142,,0.27512817917653665,0.7248718208234634,1
143,0236-HFWSV,0.9517117762916014,0.048288223708398595,0
144,,0.6754765391162796,0.3245234608837204,0
145,,0.18868381052560967,0.8113161894743903,1
146,0239-OXEXL,0.8042708730501744,0.19572912694982553,0
147,,0.6408610915171571,0.35913890848284297,0
148,0247-SLUJI,0.5533969860362408,0.44660301396375923,0
149,,0.1753657913759441,0.8246342086240559,1
150,0248-PGHBZ,0.17260139572753708,0.8273986042724629,1
151,,0.06576839784951527,0.9342316021504847,1
152,,0.11739365789412126,0.8826063421058787,1
153,,0.9863009570320307,0.013699042967969283,0
154,,0.1653776427301893,0.8346223572698107,1
155,,0.786795676451945,0.21320432354805494,0
156,,0.15896822302704383,0.8410317769729562,1
157,,0.1559135114902005,0.8440864885097995,1
158,,0.9646922598541613,0.03530774014583867,0
159,0259-GBZSH,0.7351356121820041,0.26486438781799587,0
160,,0.9098341148673185,0.09016588513268156,0
161,,0.27228053959203624,0.7277194604079638,1
162,,0.9345930554039442,0.06540694459605575,0
163,0265-EDXBD,0.23924000577744697,0.760759994222553,1
164,,0.5345571110973153,0.46544288890268476,0
165,,0.2262686415106807,0.7737313584893193,1
166,,0.199958597656957,0.800041402343043,1
167,,0.3457683242235201,0.6542316757764799,1
168,,0.12898681949620217,0.8710131805037978,1
169,0270-THENM,0.31446922903793506,0.6855307709620649,1
170,,0.6833116528778549,0.31668834712214516,0
171,,0.584631078882009,0.4153689211179909,0
172,,0.6833350138314473,0.31666498616855265,0
173,,0.43956777883055687,0.5604322211694431,1
174,,0.21411275062440982,0.7858872493755902,1
175,,0.9942483501883899,0.005751649811610189,0
176,,0.7054354503615856,0.29456454963841433,0
177,,0.9061963454464157,0.09380365455358429,0
178,0289-IVARM,0.422507856858899,0.577492143141101,1
179,,0.8595176602476216,0.1404823397523785,0
180,,0.3745767065516996,0.6254232934483004,1
181,0295-QVKPB,0.19427404693692563,0.8057259530630744,1
182,,0.5355800317258909,0.46441996827410914,0
183,,0.9731650746851618,0.02683492531483827,0
184,,0.7283586500436562,0.2716413499563438,0
185,,0.1721715562662619,0.8278284437337381,1
186,0302-JOIVN,0.9591727816931577,0.04082721830684236,0
187,,0.6811372058864862,0.3188627941135138,0
188,,0.6400970214534328,0.35990297854656716,0
189,,0.8123816956415653,0.1876183043584347,0
190,,0.7065370861837887,0.29346291381621126,0
191,,0.7597496374363538,0.24025036256364618,0
192,0308-GIQJT,0.1675692272704402,0.8324307727295598,1
193,,0.9038720208284332,0.09612797917156676,0
194,,0.9928422293166063,0.007157770683393714,0
195,,0.3344691061112789,0.6655308938887211,1
196,,0.5221087849892991,0.4778912150107008,0
197,,0.2234806070665084,0.7765193929334916,1
198,,0.621975481252277,0.378024518747723,0
199,,0.75265287100473,0.24734712899526995,0
200,,0.9519873911542931,0.04801260884570693,0
201,0318-QUUOB,0.7912087008128963,0.20879129918710365,0
202,,0.5757458212023494,0.42425417879765065,0
203,,0.423672378046546,0.576327621953454,1
204,,0.4015003516507346,0.5984996483492654,1
205,,0.22548685078009834,0.7745131492199017,1
206,,0.9375948001102102,0.062405199889789716,0
207,,0.2523191184385103,0.7476808815614897,1
208,,0.2654327463404026,0.7345672536595974,1
209,,0.895297635109811,0.10470236489018897,0
210,,0.7569058609291974,0.24309413907080257,0
211,,0.5077884827932941,0.4922115172067058,0
212,,0.893471373801998,0.10652862619800198,0
213,,0.15515652862752216,0.8448434713724778,1
214,,0.36914827254390004,0.6308517274561,1
215,,0.9112755031219093,0.08872449687809064,0
216,,0.7468822642960735,0.2531177357039264,0
217,,0.7830609801673778,0.21693901983262215,0
218,,0.34365173090132684,0.6563482690986732,1
219,,0.49173361174430275,0.5082663882556973,1
220,,0.553793639795066,0.446206360204934,0
221,,0.19561823678795787,0.8043817632120421,1
222,,0.620994845960736,0.3790051540392641,0
223,,0.7016914548719834,0.29830854512801663,0
224,,0.6609950051882032,0.33900499481179686,0
225,,0.1294838210330722,0.8705161789669278,1
226,,0.36606481496543175,0.6339351850345682,1
227,,0.9015881267015311,0.09841187329846886,0
228,0354-WYROK,0.24721087797472752,0.7527891220252725,1
229,,0.2773912876410236,0.7226087123589764,1
230,,0.9808140147670353,0.019185985232964647,0
231,,0.9533391575057908,0.046660842494209216,0
232,,0.881921397185322,0.11807860281467795,0
233,,0.9925558329210978,0.00744416707890213,0
234,,0.5216454810911919,0.47835451890880815,0
235,,0.3206830409038015,0.6793169590961985,1
236,,0.973507310765453,0.026492689234546896,0
237,,0.23025553992563008,0.7697444600743699,1
238,,0.8229801393582248,0.17701986064177516,0
239,,0.8291815351945061,0.1708184648054939,0
240,,0.9467525646949175,0.05324743530508244,0
241,0369-ZGOVK,0.79258961668525,0.20741038331474998,0
242,,0.4872654170334395,0.5127345829665605,1
243,,0.6697508432496404,0.33024915675035965,0
244,,0.9751910810301321,0.024808918969867887,0
245,,0.39939008795155095,0.600609912048449,1
246,,0.7307711203731997,0.2692288796268003,0
247,0376-OIWME,0.8556968930149182,0.14430310698508178,0
248,0376-YMCJC,0.9930451192637012,0.006954880736298779,0
249,,0.8451934795928151,0.1548065204071849,0
250,,0.3973041411792966,0.6026958588207034,1
251,,0.7724600649808895,0.22753993501911046,0
252,,0.7689048809097443,0.23109511909025574,0
253,,0.45999389598961815,0.5400061040103818,1
254,,0.7214548976772182,0.2785451023227818,0
255,,0.6408923166973455,0.3591076833026546,0
256,,0.7933438881235858,0.20665611187641422,0
257,,0.17690879138705295,0.823091208612947,1
258,,0.6615210636998061,0.33847893630019393,0
259,,0.5834189575660331,0.4165810424339669,0
260,,0.4591418124119687,0.5408581875880313,1
261,0388-EOPEX,0.9460711238138853,0.05392887618611472,0
262,0390-DCFDQ,0.8750690093686231,0.12493099063137691,0
263,,0.2960020166906272,0.7039979833093728,1
264,0394-YONDK,0.2643247105513592,0.7356752894486408,1
265,,0.5787208940896496,0.42127910591035045,0
266,,0.7629525923310455,0.23704740766895452,0
267,0396-YCHWO,0.6239868635385468,0.3760131364614531,0
268,,0.17715734689517582,0.8228426531048242,1
269,,0.8120634074824021,0.18793659251759784,0
270,,0.5457730823540679,0.45422691764593215,0
271,,0.7788577400777533,0.2211422599222467,0
272,,0.8773746801513489,0.12262531984865106,0
273,,0.15142349099502894,0.8485765090049711,1
274,,0.60211456049783,0.3978854395021701,0
275,,0.24479437466316034,0.7552056253368397,1
276,,0.9749852515239527,0.02501474847604738,0
277,0409-WTMPL,0.3171733659708279,0.6828266340291721,1
278,,0.5500227336165939,0.44997726638340607,0
279,0411-EZJZE,0.9758635368969808,0.02413646310301922,0
280,,0.7721345088496929,0.22786549115030705,0
281,,0.6418293406186928,0.3581706593813072,0
282,,0.5728596842059657,0.42714031579403433,0
283,0420-BWTPW,0.7355251778240786,0.2644748221759215,0
284,,0.1656301455637058,0.8343698544362942,1
285,0420-TXVSG,0.5827186576634202,0.41728134233657976,0
286,,0.1415746916640589,0.8584253083359411,1
287,,0.10261326960446715,0.8973867303955329,1
288,,0.21247713732275864,0.7875228626772414,1
289,,0.9885215612128145,0.011478438787185465,0
290,,0.41493708623155745,0.5850629137684425,1
291,,0.911904958806207,0.08809504119379298,0
292,,0.8779417483076009,0.12205825169239909,0
293,0431-APWVY,0.6025037150679275,0.39749628493207245,0
294,,0.5636755271792282,0.4363244728207718,0
295,,0.548667072638304,0.451332927361696,0
296,,0.16933485007709193,0.8306651499229081,1
297,,0.22559484847873845,0.7744051515212615,1
298,,0.7051976244507323,0.29480237554926775,0
299,,0.19378563507598412,0.8062143649240159,1
300,,0.6989934515504832,0.3010065484495168,0
301,,0.9106395392965658,0.08936046070343419,0
302,,0.3718324297748731,0.6281675702251269,1
303,,0.8965261824184113,0.10347381758158873,0
304,0447-BEMNG,0.9258002930814632,0.07419970691853683,0
305,,0.6415576420064741,0.3584423579935259,0
306,0454-OKRCT,0.13181394871077579,0.8681860512892242,1
307,,0.9248588976249774,0.07514110237502256,0
308,,0.15723551472901653,0.8427644852709835,1
309,,0.10579447060267044,0.8942055293973296,1
310,,0.08043397064273838,0.9195660293572616,1
311,,0.7631880011359242,0.23681199886407578,0
312,,0.8759429349788582,0.12405706502114175,0
313,,0.08403396126596185,0.9159660387340381,1
314,,0.6558299220023913,0.3441700779976087,0
315,0464-WJTKO,0.51706588833855,0.48293411166144995,0
316,0468-YRPXN,0.6177035022982758,0.3822964977017242,0
317,,0.3819768808374412,0.6180231191625588,1
318,,0.5106312030981142,0.48936879690188584,0
319,,0.3864023570863765,0.6135976429136235,1
320,,0.7169798207022713,0.28302017929772866,0
321,,0.9239839602635093,0.07601603973649072,0
322,,0.6369480788041137,0.3630519211958862,0
323,,0.8994053500634792,0.10059464993652081,0
324,,0.2737626418015928,0.7262373581984072,1
325,,0.6606076889980148,0.33939231100198514,0
326,0485-ZBSLN,0.07270420652687004,0.92729579347313,1
327,,0.8666403774214878,0.1333596225785122,0
328,,0.13985824688320747,0.8601417531167925,1
329,,0.9530380787683153,0.046961921231684724,0
330,,0.23025602094971798,0.769743979050282,1
331,,0.9720618386134008,0.027938161386599235,0
332,,0.7239348062401646,0.2760651937598354,0
333,,0.959572406685295,0.04042759331470507,0
334,,0.4307295059638142,0.5692704940361858,1
335,,0.3288838389825114,0.6711161610174886,1
336,,0.9429430083622878,0.05705699163771213,0
337,,0.3106850915553009,0.6893149084446991,1
338,,0.9671343783258151,0.03286562167418491,0
339,,0.4178040548318547,0.5821959451681453,1
340,,0.9033885243624992,0.0966114756375008,0
341,,0.3632344329893392,0.6367655670106608,1
342,,0.23497739945215035,0.7650226005478497,1
343,,0.09001259258720729,0.9099874074127927,1
344,,0.3367988328091298,0.6632011671908702,1
345,,0.6678787319181679,0.33212126808183207,0
346,,0.9768236529688668,0.023176347031133214,0
347,,0.13352995156119918,0.8664700484388008,1
348,,0.1177122059853265,0.8822877940146735,1
349,0516-QREYC,0.11433192313688345,0.8856680768631165,1
350,,0.7068918652229934,0.29310813477700665,0
351,,0.666970913869658,0.33302908613034204,0
352,,0.09157742395256208,0.9084225760474379,1
353,,0.7901574616466297,0.20984253835337033,0
354,0519-XUZJU,0.9180722678633559,0.08192773213664403,0
355,,0.916031545055576,0.08396845494442393,0
356,,0.8999834253974434,0.10001657460255665,0
357,,0.5654060692939302,0.4345939307060698,0
358,,0.9805030431569899,0.019496956843010154,0
359,,0.1415320133076493,0.8584679866923507,1
360,,0.43248831173062985,0.5675116882693702,1
361,,0.38400890277769806,0.6159910972223019,1
362,0531-ZZJWQ,0.14778083010062115,0.8522191698993788,1
363,,0.4867965205079625,0.5132034794920375,1
364,,0.3471247625926316,0.6528752374073684,1
365,,0.6365768355263107,0.3634231644736893,0
366,,0.6128456051692692,0.3871543948307308,0
367,,0.8476919297200908,0.1523080702799092,0
368,,0.6290563938217413,0.3709436061782588,0
369,0541-FITGH,0.12714613309611067,0.8728538669038893,1
370,,0.5399333187321324,0.46006668126786765,0
371,,0.11448442589602259,0.8855155741039774,1
372,0550-DCXLH,0.987412971024031,0.012587028975968964,0
373,0556-FJEGU,0.9644294515587953,0.03557054844120463,0
374,,0.08391968431461838,0.9160803156853816,1
375,0559-CKHUS,0.44286159884360976,0.5571384011563902,1
376,,0.46296902881436675,0.5370309711856333,1
377,,0.9702936726747626,0.029706327325237328,0
378,,0.3750301747392273,0.6249698252607727,1
379,,0.5789317431981156,0.4210682568018845,0
380,,0.7673276117116785,0.23267238828832154,0
381,,0.8461997011544207,0.1538002988455793,0
382,,0.3844164364799546,0.6155835635200454,1
383,,0.31171724680160817,0.6882827531983918,1
384,0567-XRHCU,0.9523366448462941,0.04766335515370593,0
385,,0.32922210673555186,0.6707778932644481,1
386,,0.3873455542203339,0.6126544457796661,1
387,,0.7014213564291625,0.29857864357083747,0
388,,0.5361277990383035,0.4638722009616965,0
389,,0.25442910510356476,0.7455708948964352,1
390,,0.8623542577806732,0.13764574221932677,0
391,0578-SKVMF,0.9621401234653256,0.037859876534674326,0
392,,0.9110739886401873,0.08892601135981265,0
393,0581-BXBUB,0.9637360590872431,0.036263940912756865,0
394,,0.8306644230325843,0.16933557696741575,0
395,,0.8958345776833859,0.10416542231661406,0
396,,0.21162267408747837,0.7883773259125216,1
397,0585-EGDDA,0.5994299284563198,0.40057007154368013,0
398,,0.9508567111930182,0.049143288806981815,0
399,,0.7169001479060518,0.28309985209394817,0
400,0595-ITUDF,0.7279641396809429,0.2720358603190571,0
401,,0.984700063718569,0.015299936281431033,0
402,,0.8363176487326134,0.16368235126738664,0
403,,0.9903590947889341,0.009640905211065821,0
404,0602-DDUML,0.9500532754471647,0.049946724552835296,0
405,,0.5631526849274798,0.43684731507252017,0
406,,0.12985161612394047,0.8701483838760595,1
407,,0.7332194832055293,0.2667805167944707,0
408,,0.18988118586986702,0.810118814130133,1
409,,0.19655717304958986,0.8034428269504101,1
410,0608-JDVEC,0.9709721670867628,0.029027832913237166,0
411,,0.3318955224783754,0.6681044775216246,1
412,,0.9040520388313155,0.09594796116868456,0
413,,0.5430177776672985,0.45698222233270147,0
414,,0.7135682732304032,0.2864317267695968,0
415,0617-AQNWT,0.4819436341560893,0.5180563658439107,1
416,,0.9060792705988199,0.09392072940118015,0
417,,0.5728684926774594,0.4271315073225406,0
418,,0.1848640506411251,0.8151359493588749,1
419,,0.9417470073447912,0.058252992655208766,0
420,,0.8177235047619582,0.18227649523804176,0
421,,0.7235817462900831,0.27641825370991696,0
422,,0.5849084712404125,0.41509152875958755,0
423,,0.3040065899170177,0.6959934100829823,1
424,,0.1591605052648276,0.8408394947351724,1
425,,0.8675285721868384,0.13247142781316157,0
426,,0.6277037334934368,0.37229626650656317,0
427,,0.5594553694878912,0.4405446305121088,0
428,0623-IIHUG,0.10234232008212907,0.8976576799178709,1
429,,0.9918686630146796,0.008131336985320405,0
430,,0.9399190556371778,0.06008094436282222,0
431,,0.6369480788041137,0.3630519211958862,0
432,0634-SZPQA,0.6301145543325708,0.36988544566742926,0
433,,0.7784652145435438,0.22153478545645622,0
434,,0.7950897084295832,0.20491029157041687,0
435,,0.9600006783122585,0.03999932168774149,0
436,0637-YLETY,0.3013202613439909,0.6986797386560091,1
437,,0.7068310521864838,0.29316894781351616,0
438,,0.9902908608474176,0.009709139152582437,0
439,,0.48790790112823057,0.5120920988717694,1
440,,0.6255768315443508,0.37442316845564916,0
441,,0.9421584124478789,0.05784158755212112,0
442,,0.6486109816510154,0.3513890183489846,0
443,,0.17158790509631727,0.8284120949036827,1
444,,0.9307318194399723,0.06926818056002765,0
445,,0.9824294004172345,0.01757059958276548,0
446,,0.28546568835999353,0.7145343116400065,1
447,,0.7050475734536197,0.2949524265463804,0
448,0661-KBKPA,0.8032739420946746,0.19672605790532532,0
449,,0.14700379447764578,0.8529962055223542,1
450,0661-WCQNQ,0.4481284796543341,0.5518715203456659,1
451,0661-XEYAN,0.23727324062563238,0.7627267593743676,1
452,,0.08482575842552509,0.9151742415744749,1
453,,0.9458106988084907,0.05418930119150934,0
454,,0.1579046205557949,0.8420953794442051,1
455,,0.42394850863348144,0.5760514913665186,1
456,,0.9158441724610754,0.08415582753892462,0
457,0670-KDOMA,0.47981617109058616,0.5201838289094138,1
458,0673-IGUQO,0.17497626567882707,0.8250237343211729,1
459,,0.9916311168032484,0.008368883196751501,0
460,,0.6734532917520193,0.32654670824798077,0
461,,0.9375068907035246,0.0624931092964754,0
462,,0.10824982557656082,0.8917501744234392,1
463,,0.7262488056019714,0.2737511943980286,0
464,,0.17617528358658963,0.8238247164134104,1
465,,0.13457433098775706,0.8654256690122429,1
466,,0.9769794951854568,0.023020504814543194,0
467,,0.32278634956116226,0.6772136504388377,1
468,,0.9920445374193961,0.00795546258060387,0
469,,0.6240382157603339,0.37596178423966603,0
470,,0.8913216859557362,0.10867831404426376,0
471,,0.2811438560147347,0.7188561439852653,1
472,,0.9793295696452231,0.020670430354776847,0
473,,0.9482829534003694,0.05171704659963059,0
474,,0.36462375345705944,0.6353762465429406,1
475,,0.42786144927238723,0.5721385507276128,1
476,,0.9438118182639,0.056188181736099976,0
477,0696-UKTOX,0.40676503544140064,0.5932349645585994,1
478,,0.9516323134507582,0.04836768654924188,0
479,0699-NDKJM,0.4262520755966477,0.5737479244033523,1
480,,0.35875725946027714,0.6412427405397229,1
481,,0.39994040574652967,0.6000595942534703,1
482,,0.48729557157049563,0.5127044284295044,1
483,,0.43449445805089515,0.5655055419491049,1
484,,0.20454547844967352,0.7954545215503265,1
485,,0.5110361418474192,0.48896385815258087,0
486,,0.7624441897238522,0.23755581027614783,0
487,0709-TVGUR,0.23213308845928082,0.7678669115407192,1
488,,0.8663918620919634,0.1336081379080366,0
489,,0.9877967996423364,0.012203200357663684,0
490,,0.9280835795365961,0.07191642046340381,0
491,,0.9372768594819347,0.06272314051806524,0
492,,0.9017934785620418,0.09820652143795816,0
493,,0.47053081988429435,0.5294691801157057,1
494,,0.45708907326419534,0.5429109267358047,1
495,,0.8883250745721148,0.11167492542788518,0
496,,0.9624050171244771,0.03759498287552293,0
497,,0.995048838312613,0.0049511616873869485,0
498,,0.905964428208251,0.094035571791749,0
499,,0.7432078920680709,0.2567921079319291,0
500,,0.9050790507748347,0.09492094922516522,0
501,,0.5015540604697055,0.49844593953029454,0
502,,0.7724137214974669,0.22758627850253307,0
503,0733-VUNUW,0.8020283605258396,0.19797163947416035,0
504,0734-OXWBT,0.2689506220320289,0.7310493779679711,1
505,,0.7949235160267965,0.20507648397320352,0
506,0742-LAFQK,0.5573025182494561,0.4426974817505439,0
507,0742-MOABM,0.3914021132201956,0.6085978867798044,1
508,,0.9659723374530733,0.03402766254692668,0
509,,0.4127599160695322,0.5872400839304678,1
510,0743-HRVFF,0.523696098934235,0.4763039010657651,0
511,,0.9763434047474605,0.023656595252539474,0
512,,0.8878269378419047,0.11217306215809529,0
513,,0.7397344746296375,0.26026552537036257,0
514,,0.37123326476480745,0.6287667352351926,1
515,,0.5166448004626827,0.48335519953731726,0
516,0750-EBAIU,0.9948785515217934,0.005121448478206626,0
517,,0.10030961784363845,0.8996903821563615,1
518,,0.5533969860362408,0.44660301396375923,0
519,,0.7754594870187778,0.22454051298122224,0
520,,0.5515734504181924,0.4484265495818076,0
521,0757-WCUUZ,0.4425589302433569,0.5574410697566431,1
522,,0.7503044671117488,0.24969553288825122,0
523,,0.17064398000133485,0.8293560199986652,1
524,,0.28229701381542494,0.7177029861845751,1
525,,0.571095769535757,0.428904230464243,0
526,,0.4109887211432477,0.5890112788567523,1
527,,0.8800291498396726,0.11997085016032737,0
528,0774-RMNUW,0.7596238122503185,0.24037618774968147,0
529,,0.7407681892647345,0.25923181073526547,0
530,0780-XNZFN,0.5501384805014311,0.4498615194985689,0
531,,0.8297613850893859,0.17023861491061415,0
532,,0.579146514375533,0.42085348562446695,0
533,,0.9375098454773183,0.06249015452268164,0
534,,0.9714071573557043,0.0285928426442957,0
535,,0.40626712306862445,0.5937328769313756,1
536,,0.7609793474143254,0.23902065258567468,0
537,,0.9646112053473355,0.0353887946526645,0
538,,0.13133386592199114,0.8686661340780089,1
539,,0.957113432730168,0.042886567269831956,0
540,,0.7608666086789013,0.23913339132109865,0
541,,0.9744063036188435,0.025593696381156515,0
542,,0.9584775700673195,0.04152242993268049,0
543,,0.2917182282950299,0.7082817717049701,1
544,0804-XBFBV,0.6044015524802875,0.3955984475197125,0
545,0804-YGEQV,0.13019833312943718,0.8698016668705628,1
546,,0.17620090899931973,0.8237990910006803,1
547,0810-BDHAW,0.15750301731618155,0.8424969826838185,1
548,,0.739825159511314,0.260174840488686,0
549,,0.4214559219321653,0.5785440780678347,1
550,,0.7539011424026105,0.2460988575973895,0
551,,0.7064925067704539,0.293507493229546,0
552,,0.9583189307020203,0.0416810692979797,0
553,,0.8514702434182897,0.14852975658171025,0
554,,0.37259126182098,0.62740873817902,1
555,0818-OCPZO,0.9735376973743795,0.02646230262562051,0
556,,0.953182856251505,0.046817143748495015,0
557,,0.6116034473128742,0.3883965526871258,0
558,,0.1821688878682336,0.8178311121317664,1
559,0823-HSCDJ,0.601378334248333,0.3986216657516671,0
560,,0.6636383230520544,0.3363616769479456,0
561,,0.8552354888539178,0.14476451114608227,0
562,,0.9916550371910617,0.00834496280893821,0
563,,0.07071306428838464,0.9292869357116154,1
564,,0.09757311576033922,0.9024268842396608,1
565,,0.38106731716839093,0.6189326828316091,1
566,,0.3607267971154009,0.6392732028845991,1
567,0835-JKADZ,0.26355334753527326,0.7364466524647267,1
568,,0.9739414149556024,0.026058585044397595,0
569,,0.26861598342237636,0.7313840165776236,1
570,,0.6433485521374349,0.35665144786256514,0
571,,0.6745475274963142,0.3254524725036858,0
572,,0.24523973862551596,0.754760261374484,1
573,,0.9845385387774593,0.015461461222540688,0
574,,0.7831100271385132,0.2168899728614868,0
575,,0.9274843913851666,0.07251560861483342,0
576,0847-HGRML,0.8162144609363575,0.18378553906364245,0
577,,0.9856459965302395,0.014354003469760427,0
578,,0.9568902407764478,0.04310975922355218,0
579,0851-DFJKB,0.5423194776950795,0.45768052230492057,0
580,,0.8358692588649137,0.1641307411350863,0
581,,0.2997573521489212,0.7002426478510788,1
582,,0.10167412293020195,0.898325877069798,1
583,,0.3247793433229075,0.6752206566770925,1
584,,0.9263218288640579,0.07367817113594208,0
585,,0.2414679286887529,0.7585320713112471,1
586,,0.6451435165705925,0.3548564834294074,0
587,,0.9536126527674033,0.04638734723259676,0
588,0867-LDTTC,0.24732208338330097,0.752677916616699,1
589,0867-MKZVY,0.3943395467621641,0.6056604532378359,1
590,,0.12185681243606605,0.878143187563934,1
591,,0.23257746902101906,0.7674225309789809,1
592,0870-VEMYL,0.2065083735554385,0.7934916264445615,1
593,,0.7395270559961278,0.2604729440038722,0
594,,0.854539461660152,0.14546053833984793,0
595,,0.9527375341194324,0.04726246588056763,0
596,,0.18691459505111896,0.813085404948881,1
597,,0.3218421341802232,0.6781578658197768,1
598,,0.3779105053490155,0.6220894946509845,1
599,,0.24060712033580067,0.7593928796641993,1
600,0877-SDMBN,0.13687741875488502,0.863122581245115,1
601,0880-FVFWF,0.7145928256760476,0.2854071743239523,0
602,,0.5501965046731241,0.44980349532687586,0
603,,0.3924140022792997,0.6075859977207003,1
604,,0.7849482432357556,0.21505175676424437,0
605,,0.2240546758414549,0.7759453241585451,1
606,,0.3395914291523051,0.6604085708476949,1
607,,0.8571875150253929,0.14281248497460705,0
608,0895-DQHEW,0.10984399585609905,0.890156004143901,1
609,,0.8401873217783284,0.1598126782216716,0
610,0895-LNKRC,0.24012299384409064,0.7598770061559094,1
611,,0.44604833511550623,0.5539516648844938,1
612,,0.3187658135382406,0.6812341864617594,1
613,,0.14083012182511512,0.8591698781748849,1
614,,0.9552871056158955,0.04471289438410453,0
615,0899-WZRSD,0.6833966515633262,0.3166033484366738,0
616,,0.9439180227331139,0.056081977266886074,0
617,,0.1398261302511219,0.8601738697488781,1
618,0906-QVPMS,0.8955084450848976,0.10449155491510238,0
619,0907-HQNTS,0.39289912116097037,0.6071008788390296,1
620,0909-SDHNU,0.22551453973965274,0.7744854602603473,1
621,,0.4608588008917608,0.5391411991082392,1
622,,0.8592500361260011,0.1407499638739989,0
623,,0.9001226668683567,0.09987733313164324,0
624,,0.7585762303265416,0.24142376967345833,0
625,,0.22140584497275528,0.7785941550272447,1
626,0921-OHLVP,0.8203082133728742,0.17969178662712584,0
627,,0.8132635095987767,0.18673649040122328,0
628,,0.1741910124565622,0.8258089875434378,1
629,0925-VYDLG,0.8009373017123298,0.19906269828767026,0
630,,0.9193115441088157,0.08068845589118438,0
631,,0.8144666732615973,0.18553332673840275,0
632,,0.36069231617709574,0.6393076838229043,1
633,,0.20926293792145922,0.7907370620785408,1
634,,0.5808253406561954,0.4191746593438046,0
635,0929-PECLO,0.7680081740274642,0.2319918259725357,0
636,0930-EHUZA,0.11790634047111193,0.8820936595288881,1
637,0931-MHTEM,0.3641890554583317,0.6358109445416683,1
638,,0.7154192051798727,0.28458079482012727,0
639,,0.15768897879555965,0.8423110212044403,1
640,,0.5534999073320029,0.44650009266799706,0
641,,0.14546926696702445,0.8545307330329756,1
642,0940-OUQEC,0.13086150950348419,0.8691384904965158,1
643,0942-KOWSM,0.22933966994579458,0.7706603300542054,1
644,0943-ZQPXH,0.7108176506231827,0.2891823493768173,0
645,,0.8581230162857824,0.14187698371421767,0
646,,0.9295558442279197,0.07044415577208035,0
647,,0.4044149486941335,0.5955850513058665,1
648,0947-IDHRQ,0.3812222974094597,0.6187777025905403,1
649,,0.32124465467062546,0.6787553453293745,1
650,,0.18914603582105827,0.8108539641789417,1
651,0953-LGOVU,0.17534018387970518,0.8246598161202948,1
652,,0.24974421209619158,0.7502557879038084,1
653,,0.6801308419431312,0.3198691580568688,0
654,,0.9646359527747821,0.03536404722521788,0
655,,0.15182862564379163,0.8481713743562084,1
656,,0.200264095985073,0.799735904014927,1
657,,0.7449232609334887,0.2550767390665113,0
658,,0.4328515180976473,0.5671484819023527,1
659,,0.9569855595216862,0.04301444047831382,0
660,,0.9929231963131432,0.007076803686856845,0
661,,0.6359572625153975,0.36404273748460253,0
662,,0.634904231512887,0.365095768487113,0
663,0970-ETWGE,0.21628038425090057,0.7837196157490994,1
664,,0.7124784153378865,0.28752158466211347,0
665,,0.22461861470178912,0.7753813852982109,1
666,,0.13459931030483763,0.8654006896951624,1
667,,0.6517140796681812,0.3482859203318188,0
668,,0.6756421710580577,0.3243578289419423,0
669,,0.8858049189063518,0.11419508109364819,0
670,0979-PHULV,0.823465209660252,0.17653479033974795,0
671,0980-FEXWF,0.7207434081742176,0.27925659182578244,0
672,0980-PVMRC,0.49283084096640606,0.5071691590335939,1
673,,0.3152121494582274,0.6847878505417726,1
674,,0.9408406782492893,0.05915932175071074,0
675,,0.9847617738550298,0.015238226144970161,0
676,0991-BRRFB,0.3495019877298745,0.6504980122701255,1
677,,0.9462432832500512,0.0537567167499487,0
678,,0.13548018755980695,0.864519812440193,1
679,,0.9466769322951286,0.05332306770487136,0
680,,0.8847513324767222,0.11524866752327781,0
681,,0.6617826599017747,0.3382173400982253,0
682,1009-IRMNA,0.647009264866544,0.35299073513345597,0
683,1010-DIAUQ,0.7761356896821738,0.2238643103178262,0
684,,0.43468044931006256,0.5653195506899374,1
685,1015-JPFYW,0.9467270350128443,0.05327296498715568,0
686,,0.854176355776173,0.145823644223827,0
687,1016-DJTSV,0.09818268017629828,0.9018173198237017,1
688,,0.9807780594903612,0.01922194050963882,0
689,,0.4573627163464088,0.5426372836535912,1
690,,0.15623670151114122,0.8437632984888588,1
691,1023-BQXZE,0.6852306688685045,0.3147693311314955,0
692,,0.17566315309582137,0.8243368469041786,1
693,,0.5278124694904978,0.4721875305095023,0
694,,0.1721133821054136,0.8278866178945864,1
695,,0.8120443777857502,0.18795562221424977,0
696,,0.17791718023315006,0.8220828197668499,1
697,,0.4584299499258856,0.5415700500741144,1
698,,0.27502473135102534,0.7249752686489747,1
699,1031-IIDEO,0.9852449322657253,0.014755067734274714,0
700,,0.9412346315132248,0.058765368486775126,0
701,,0.9374097138197041,0.0625902861802959,0
702,,0.9489777692274285,0.051022230772571515,0
703,,0.9281623075440578,0.07183769245594217,0
704,,0.08383627859098064,0.9161637214090194,1
705,,0.9942547506825133,0.005745249317486659,0
706,1042-HFUCW,0.7063881250018862,0.2936118749981138,0
707,,0.34703306394057976,0.6529669360594202,1
708,,0.639542192323409,0.360457807676591,0
709,1045-LTCYT,0.925336358258658,0.07466364174134194,0
710,1047-NNCBF,0.9548577872760855,0.045142212723914464,0
711,,0.20549107851865756,0.7945089214813424,1
712,,0.7641662900756055,0.23583370992439445,0
713,,0.8736299928128184,0.12637000718718164,0
714,,0.16171218558761336,0.8382878144123866,1
715,,0.31551778972188493,0.6844822102781151,1
716,,0.5264673014866514,0.47353269851334856,0
717,,0.14661030522953344,0.8533896947704666,1
718,1060-ENTOF,0.6918579692036888,0.30814203079631114,0
719,,0.5736154856276962,0.42638451437230385,0
720,,0.20366729259039196,0.796332707409608,1
721,,0.9588288880410331,0.04117111195896697,0
722,,0.23396933824211175,0.7660306617578883,1
723,,0.07523263837483818,0.9247673616251618,1
724,,0.6486175928912712,0.35138240710872887,0
725,,0.9552264439628516,0.044773556037148415,0
726,,0.7529332396531777,0.24706676034682226,0
727,,0.19132338526576864,0.8086766147342314,1
728,,0.46641418154205916,0.5335858184579408,1
729,1075-BGWOH,0.9010635090331696,0.09893649096683041,0
730,,0.8174268386274667,0.18257316137253335,0
731,,0.9915464456541927,0.008453554345807295,0
732,1080-BWSYE,0.9890659967085792,0.010934003291420812,0
733,,0.9897623820350187,0.01023761796498134,0
734,1084-UQCHV,0.9218975742543968,0.07810242574560322,0
735,,0.9484322270132899,0.05156777298671008,0
736,,0.9827979069112607,0.01720209308873935,0
737,,0.09358587934880458,0.9064141206511954,1
738,,0.2652849611397249,0.7347150388602751,1
739,,0.9419800013978908,0.05801999860210916,0
740,1088-CNNKB,0.3271482040563046,0.6728517959436954,1
741,,0.9401738517128013,0.05982614828719864,0
742,,0.8734122086071655,0.12658779139283446,0
743,1090-ESELR,0.9853655167616346,0.014634483238365395,0
744,,0.9784604095187619,0.02153959048123805,0
745,,0.17453917270590313,0.8254608272940969,1
746,,0.5018273668037754,0.4981726331962247,0
747,,0.7870552157588409,0.21294478424115912,0
748,1093-YSWCA,0.5788263146457467,0.42117368535425326,0
749,,0.25263394259180383,0.7473660574081962,1
750,,0.9855536070772637,0.014446392922736355,0
751,,0.506053717645854,0.49394628235414595,0
752,,0.8409622605737903,0.15903773942620972,0
753,,0.2186011486063637,0.7813988513936363,1
754,,0.9191427132734976,0.08085728672650237,0
755,1098-TDVUQ,0.8808803498709238,0.11911965012907617,0
756,1099-BTKWT,0.46036312200780094,0.5396368779921991,1
757,,0.7072568365471555,0.29274316345284446,0
758,,0.927015722706831,0.07298427729316909,0
759,,0.9922059665829618,0.007794033417038255,0
760,,0.8822279739761244,0.11777202602387564,0
761,,0.1268884680020168,0.8731115319979832,1
762,,0.431814660067141,0.568185339932859,1
763,,0.42744344052778993,0.5725565594722101,1
764,1112-CUNAO,0.37330598510439406,0.6266940148956059,1
765,,0.12279357588508999,0.87720642411491,1
766,,0.10763155470396957,0.8923684452960304,1
767,,0.8180537475052228,0.1819462524947773,0
768,,0.974619750030969,0.025380249969030988,0
769,,0.5553795650052387,0.4446204349947613,0
770,1121-QSIVB,0.5934002379832273,0.4065997620167727,0
771,,0.9471757021717593,0.0528242978282407,0
772,,0.6404666997512611,0.35953330024873886,0
773,1125-SNVCK,0.12795637999598475,0.8720436200040153,1
774,,0.7315769200603719,0.26842307993962805,0
775,,0.36926029117080716,0.6307397088291928,1
776,,0.058359950306649755,0.9416400496933502,1
777,,0.7491024968610509,0.2508975031389491,0
778,,0.09671583585443255,0.9032841641455674,1
779,,0.14048367025565445,0.8595163297443456,1
780,,0.12786970747005866,0.8721302925299413,1
781,,0.6181213417915578,0.38187865820844225,0
782,,0.6927096925093406,0.30729030749065944,0
783,1139-WUOAH,0.9926522851100965,0.007347714889903528,0
784,,0.8711218336351735,0.12887816636482655,0
785,,0.13019920913023142,0.8698007908697686,1
786,1142-WACZW,0.8485022248450862,0.15149777515491386,0
787,,0.953902843852087,0.04609715614791297,0
788,1150-FTQGN,0.8482289838315155,0.15177101616848454,0
789,,0.9520232082578681,0.0479767917421319,0
790,,0.1771810679095892,0.8228189320904108,1
791,1154-HYWWO,0.13003307955861598,0.869966920441384,1
792,,0.944453893056508,0.055546106943492005,0
793,,0.6021861601107181,0.3978138398892818,0
794,,0.8436360559525842,0.15636394404741577,0
795,,0.9900131784768016,0.00998682152319846,0
796,,0.7816890207789611,0.21831097922103898,0
797,,0.9946960963289158,0.005303903671084217,0
798,,0.7752090943250592,0.22479090567494078,0
799,,0.5796034928759745,0.42039650712402554,0
800,,0.9626808619161813,0.037319138083818704,0
801,1169-WCVAK,0.5894317221490877,0.4105682778509123,0
802,,0.16186482701093297,0.838135172989067,1
803,,0.5751949348010712,0.4248050651989288,0
804,,0.8551947658910367,0.14480523410896332,0
805,,0.36404943218048835,0.6359505678195116,1
806,,0.14932568129898116,0.8506743187010188,1
807,,0.43885740863390055,0.5611425913660995,1
808,1177-XZBJL,0.9344878520308872,0.06551214796911273,0
809,,0.6760985595901983,0.3239014404098018,0
810,,0.4491359661561507,0.5508640338438493,1
811,,0.9799779317317806,0.020022068268219343,0
812,1184-PJVDB,0.4625489792718377,0.5374510207281623,1
813,1187-WILMM,0.8463382719759477,0.1536617280240523,0
814,,0.7324687757728467,0.26753122422715325,0
815,,0.9652662749907073,0.03473372500929269,0
816,,0.7108854134911387,0.2891145865088614,0
817,,0.575283980446705,0.42471601955329497,0
818,,0.9435295350618387,0.05647046493816133,0
819,1196-AMORA,0.9133810274629148,0.08661897253708511,0
820,,0.22468182078592047,0.7753181792140795,1
821,,0.2883486103703927,0.7116513896296073,1
822,,0.2241937946136473,0.7758062053863527,1
823,1205-WNWPJ,0.2121184839545035,0.7878815160454965,1
824,,0.20458727635989826,0.7954127236401017,1
825,,0.47212511775361665,0.5278748822463833,1
826,,0.3551873581129251,0.6448126418870749,1
827,,0.9369507984399028,0.06304920156009718,0
828,,0.7336202166924568,0.26637978330754325,0
829,,0.2033709806427486,0.7966290193572514,1
830,,0.9464992342431333,0.05350076575686667,0
831,1215-EXRMO,0.2226117745699816,0.7773882254300184,1
832,,0.22373564547021174,0.7762643545297883,1
833,,0.965101514836678,0.03489848516332199,0
834,,0.8079103326949746,0.1920896673050254,0
835,,0.4842058183640908,0.5157941816359092,1
836,1217-VASWC,0.6244087752419824,0.37559122475801765,0
837,,0.6850051029833477,0.31499489701665234,0
838,,0.8370780713879936,0.1629219286120064,0
839,,0.40823821673573046,0.5917617832642695,1
840,1222-KJNZD,0.256485198275596,0.743514801724404,1
841,,0.7279523813614103,0.2720476186385897,0
842,,0.7300853612813695,0.26991463871863053,0
843,,0.19896406379862497,0.801035936201375,1
844,,0.20607932260274509,0.7939206773972549,1
845,,0.2826981564617589,0.7173018435382411,1
846,,0.4999693926217903,0.5000306073782097,1
847,,0.7861065496761998,0.21389345032380025,0
848,,0.23926465270018427,0.7607353472998157,1
849,1229-RCALF,0.9566716280586367,0.04332837194136329,0
850,,0.17624482074181724,0.8237551792581828,1
851,,0.5159738002917261,0.4840261997082739,0
852,,0.24848784531817114,0.7515121546818289,1
853,1237-WIYYZ,0.9878525608571646,0.012147439142835432,0
854,,0.6706927064779111,0.3293072935220888,0
855,,0.1527654227796148,0.8472345772203852,1
856,,0.6777595724367129,0.3222404275632871,0
857,1241-FPMOF,0.5230396442500642,0.4769603557499358,0
858,,0.31370272811520594,0.6862972718847941,1
859,,0.7922985648003306,0.2077014351996694,0
860,,0.9254381180696138,0.07456188193038621,0
861,,0.19472036703583395,0.805279632964166,1
862,,0.16239518313157675,0.8376048168684233,1
863,,0.7412899831161424,0.25871001688385764,0
864,,0.7341451638244914,0.2658548361755086,0
865,,0.8575992412853095,0.14240075871469052,0
866,,0.3364480439568147,0.6635519560431853,1
867,,0.13648980422971324,0.8635101957702868,1
868,,0.48052967027561355,0.5194703297243864,1
869,,0.7434631638455311,0.25653683615446893,0
870,,0.07354639657916662,0.9264536034208334,1
871,,0.8856842264648336,0.11431577353516642,0
872,,0.9846474316789529,0.015352568321047123,0
873,,0.9906589735992128,0.009341026400787133,0
874,1265-ZFOSD,0.20931206882529696,0.790687931174703,1
875,,0.19949611166954573,0.8005038883304543,1
876,,0.6314971800328355,0.36850281996716444,0
877,,0.9501381804911752,0.04986181950882485,0
878,1270-XKUCC,0.12140578274132563,0.8785942172586744,1
879,,0.3326061115018796,0.6673938884981204,1
880,,0.9888150731401053,0.011184926859894674,0
881,,0.7311236990501575,0.26887630094984255,0
882,1273-MTETI,0.8131828526530898,0.18681714734691027,0
883,,0.563697768525722,0.43630223147427805,0
884,,0.9821681090453864,0.017831890954613575,0
885,,0.27365592437620956,0.7263440756237904,1
886,,0.09122263311689582,0.9087773668831042,1
887,,0.9794451231184753,0.020554876881524735,0
888,,0.6018904184978806,0.3981095815021194,0
889,,0.9536375891803189,0.04636241081968105,0
890,,0.5331122611013651,0.4668877388986349,0
891,,0.13798978595685107,0.8620102140431489,1
892,,0.9171843971681696,0.08281560283183038,0
893,,0.833771176964119,0.16622882303588102,0
894,,0.5705418056516575,0.42945819434834254,0
895,,0.21836942296455697,0.781630577035443,1
896,,0.6347181845986695,0.36528181540133053,0
897,,0.9810425219702094,0.01895747802979067,0
898,,0.9807544825565013,0.019245517443498658,0
899,,0.48359893102445894,0.516401068975541,1
900,,0.9325414912751089,0.06745850872489115,0
901,,0.084328212525977,0.915671787474023,1
902,,0.14462399399790116,0.8553760060020988,1
903,,0.1195468429648644,0.8804531570351356,1
904,,0.34311517598955676,0.6568848240104432,1
905,,0.16098753857872639,0.8390124614212736,1
906,,0.6648850134669533,0.3351149865330467,0
907,,0.6419572989798408,0.3580427010201592,0
908,1322-AGOQM,0.8261570989972853,0.17384290100271466,0
909,,0.6824649077938073,0.3175350922061927,0
910,,0.9084465385619844,0.0915534614380156,0
911,,0.70303841189162,0.29696158810838,0
912,,0.8489188443719815,0.15108115562801844,0
913,,0.9280251179603135,0.07197488203968647,0
914,,0.5778906304015763,0.42210936959842377,0
915,,0.5892610298992966,0.41073897010070337,0
916,,0.25678789531383306,0.7432121046861669,1
917,,0.63601966547795,0.3639803345220501,0
918,,0.7783354345629008,0.22166456543709928,0
919,,0.404606732868794,0.595393267131206,1
920,,0.09096489652581419,0.9090351034741858,1
921,1337-BOZWO,0.3241906127629548,0.6758093872370452,1
922,,0.9090517901483115,0.09094820985168851,0
923,,0.8801079510995042,0.11989204890049572,0
924,,0.9112465858517874,0.08875341414821261,0
925,,0.31188792460305004,0.68811207539695,1
926,,0.5059552447024069,0.4940447552975931,0
927,1346-PJWTK,0.15983949825203592,0.8401605017479641,1
928,1346-UFHAX,0.7556161003163631,0.2443838996836369,0
929,,0.3909333180477338,0.6090666819522662,1
930,,0.18207294997669,0.81792705002331,1
931,,0.45453708436432905,0.545462915635671,1
932,,0.8737786401149716,0.12622135988502836,0
933,,0.9735026218342783,0.026497378165721737,0
934,,0.12534772764248603,0.874652272357514,1
935,,0.7764808376143137,0.2235191623856863,0
936,,0.16657024547949784,0.8334297545205022,1
937,,0.27855379170483663,0.7214462082951634,1
938,1357-BIJKI,0.2506806898009719,0.7493193101990281,1
939,1357-MVDOZ,0.9447583555715668,0.05524164442843319,0
940,1360-JYXKQ,0.18163665288201558,0.8183633471179844,1
941,,0.9927734113530935,0.007226588646906555,0
942,1360-XFJMR,0.634772362491852,0.36522763750814796,0
943,,0.24915545355754487,0.7508445464424551,1
944,,0.3120071049780201,0.6879928950219799,1
945,,0.9822547510123149,0.01774524898768516,0
946,,0.5779532736534623,0.4220467263465377,0
947,,0.9052834397921862,0.09471656020781385,0
948,,0.5036478129698584,0.4963521870301416,0
949,,0.19285902026735768,0.8071409797326423,1
950,,0.7966622205575489,0.2033377794424511,0
951,1379-FRVEB,0.9940899018589862,0.005910098141013884,0
952,,0.9580644301200891,0.041935569879910914,0
953,,0.9441984058443189,0.055801594155681054,0
954,,0.25331620795756704,0.746683792042433,1
955,,0.10133931166514687,0.8986606883348531,1
956,,0.8825935008653093,0.11740649913469066,0
957,1389-WNUIB,0.5886319950445509,0.4113680049554492,0
958,,0.9565840359300132,0.04341596406998678,0
959,,0.9867919225652718,0.013208077434728181,0
960,,0.9206978201919642,0.07930217980803574,0
961,1395-OFUWC,0.8255109334064442,0.17448906659355579,0
962,,0.6378754723218658,0.36212452767813424,0
963,1396-QWFBJ,0.0772556129651818,0.9227443870348182,1
964,1397-XKKWR,0.4312370783786974,0.5687629216213026,1
965,,0.9678124614719744,0.032187538528025604,0
966,,0.8146760501792385,0.18532394982076156,0
967,1400-MMYXY,0.11675121067185301,0.883248789328147,1
968,,0.6459560286474509,0.35404397135254906,0
969,,0.1684826576912697,0.8315173423087303,1
970,,0.0920081015834644,0.9079918984165356,1
971,,0.8571121450130004,0.1428878549869996,0
972,,0.8330201616569726,0.16697983834302738,0
973,1406-PUQVY,0.4039036817919339,0.5960963182080661,1
974,,0.8534115619066349,0.14658843809336514,0
975,,0.9200663794048632,0.07993362059513671,0
976,,0.651227891147502,0.34877210885249793,0
977,,0.8209895804217678,0.1790104195782322,0
978,,0.41068140939434694,0.5893185906056531,1
979,,0.964192431223942,0.0358075687760579,0
980,1422-DGUBX,0.8187598214788261,0.18124017852117397,0
981,,0.9263384069775782,0.07366159302242183,0
982,,0.5546838132704961,0.44531618672950396,0
983,1428-GTBJJ,0.5870911158649916,0.4129088841350084,0
984,,0.9879100163362238,0.012089983663776253,0
985,,0.9534567489007849,0.0465432510992151,0
986,,0.8267186394242916,0.17328136057570845,0
987,,0.1395775365503733,0.8604224634496267,1
988,,0.3223054084160355,0.6776945915839645,1
989,,0.2635120677231416,0.7364879322768584,1
990,,0.9889305636347024,0.011069436365297607,0
991,,0.7963597748124852,0.20364022518751482,0
992,,0.28606971198066344,0.7139302880193366,1
993,,0.5440998716819343,0.4559001283180657,0
994,,0.8899061010326547,0.11009389896734538,0
995,,0.6020502101714436,0.3979497898285564,0
996,,0.6334140418382841,0.36658595816171585,0
997,1448-CYWKC,0.941349291722924,0.058650708277075955,0
998,,0.1367421046402919,0.8632578953597081,1
999,,0.9568156971628783,0.04318430283712171,0
1000,,0.9175826853467777,0.0824173146532223,0
1001,,0.7435944862133355,0.25640551378666454,0
1002,,0.7616787778970354,0.2383212221029646,0
1003,,0.9206438299420846,0.0793561700579154,0
1004,,0.5611624175030588,0.43883758249694116,0
1005,,0.10399086621155729,0.8960091337884427,1
1006,,0.988214616947153,0.011785383052847041,0
1007,,0.24843504651085346,0.7515649534891465,1
1008,,0.26945524107946695,0.730544758920533,1
1009,1455-UGQVH,0.9815982186217951,0.01840178137820489,0
1010,,0.30968390874160323,0.6903160912583968,1
1011,1459-QNFQT,0.4006517885172658,0.5993482114827342,1
1012,,0.7316839502431837,0.26831604975681633,0
1013,,0.6365768355263107,0.3634231644736893,0
1014,,0.7481642633410583,0.2518357366589417,0
1015,,0.7612875297286177,0.23871247027138234,0
1016,,0.6007380644248869,0.39926193557511314,0
1017,1469-LBJQJ,0.15148951841467484,0.8485104815853252,1
1018,,0.3454276283106683,0.6545723716893317,1
1019,,0.9752239528529459,0.02477604714705403,0
1020,1472-TNCWL,0.8728403177802331,0.12715968221976698,0
1021,,0.4981613904214739,0.5018386095785261,1
1022,,0.5330511424047379,0.466948857595262,0
1023,,0.34163234318784763,0.6583676568121524,1
1024,,0.9064718060093524,0.09352819399064755,0
1025,,0.994164283486346,0.00583571651365402,0
1026,,0.8609963476463016,0.13900365235369835,0
1027,,0.31964919314752416,0.6803508068524758,1
1028,1485-YDHMM,0.9231806038226903,0.07681939617730968,0
1029,,0.2797057635351924,0.7202942364648076,1
1030,,0.749638615895955,0.25036138410404496,0
1031,1492-KGETH,0.6383057879923317,0.36169421200766827,0
1032,,0.30727276400195114,0.6927272359980489,1
1033,,0.8639174393722646,0.13608256062773535,0
1034,,0.376821368645182,0.623178631354818,1
1035,,0.4626624388931796,0.5373375611068204,1
1036,1498-DQNRX,0.5066920094808669,0.49330799051913304,0
1037,,0.9928074965841238,0.007192503415876164,0
1038,,0.19943280526525253,0.8005671947347475,1
1039,,0.21042559773753633,0.7895744022624637,1
1040,1506-YJTYT,0.3892972757997375,0.6107027242002625,1
1041,1508-DFXCU,0.98552124559812,0.014478754401879937,0
1042,1513-XNPPH,0.7159944310346491,0.28400556896535095,0
1043,,0.9506014923870922,0.04939850761290776,0
1044,,0.7237930648982764,0.27620693510172356,0
1045,,0.929669248937594,0.07033075106240608,0
1046,,0.2955333774767519,0.7044666225232481,1
1047,,0.5035068490038448,0.49649315099615526,0
1048,,0.16013038611388652,0.8398696138861135,1
1049,,0.32128788793769736,0.6787121120623026,1
1050,,0.7797089871379934,0.22029101286200656,0
1051,,0.8364134500392307,0.1635865499607693,0
1052,,0.6833371113498506,0.31666288865014935,0
1053,,0.7347265744528648,0.2652734255471351,0
1054,,0.48832235108148314,0.5116776489185169,1
1055,,0.9371475523330517,0.06285244766694827,0
1056,,0.09331812915942783,0.9066818708405722,1
1057,,0.6838039605068564,0.3161960394931435,0
1058,,0.8642621552371885,0.13573784476281145,0
1059,,0.8375192639335856,0.1624807360664145,0
1060,,0.6268369800937452,0.37316301990625483,0
1061,,0.6376900754805802,0.3623099245194198,0
1062,,0.49919332387802007,0.5008066761219799,1
1063,,0.9897841410941024,0.010215858905897619,0
1064,,0.5728519531936451,0.42714804680635493,0
1065,,0.9612581315402982,0.03874186845970185,0
1066,,0.14206604442700244,0.8579339555729976,1
1067,1555-HAPSU,0.8677247309364843,0.13227526906351575,0
1068,,0.5880952760480627,0.4119047239519373,0
1069,,0.6067920755297365,0.3932079244702635,0
1070,,0.4390647862696192,0.5609352137303808,1
1071,1563-IWQEX,0.16169161367089457,0.8383083863291054,1
1072,,0.34665508771437403,0.653344912285626,1
1073,,0.18166699342824744,0.8183330065717526,1
1074,1565-RHDJD,0.20776369839096798,0.792236301609032,1
1075,,0.17745751946226096,0.822542480537739,1
1076,1568-BEKZM,0.7627561139887951,0.2372438860112049,0
1077,,0.5616232183845307,0.4383767816154693,0
1078,,0.6391720989796951,0.36082790102030493,0
1079,1571-SAVHK,0.3550490689065242,0.6449509310934758,1
1080,,0.24472414275304388,0.7552758572469561,1
1081,,0.5461876846016025,0.4538123153983975,0
1082,,0.7258576264104989,0.2741423735895011,0
1083,,0.4228158983054078,0.5771841016945922,1
1084,,0.9159746739637942,0.08402532603620583,0
1085,,0.7880533331967583,0.21194666680324176,0
1086,1580-BMCMR,0.46767770653122287,0.5323222934687771,1
1087,,0.08753039904353976,0.9124696009564602,1
1088,,0.2042469743229669,0.7957530256770331,1
1089,,0.8828301407653889,0.11716985923461104,0
1090,,0.6790290716979352,0.3209709283020647,0
1091,1589-AGTLK,0.2284090522687735,0.7715909477312265,1
1092,,0.94375460956637,0.05624539043363003,0
1093,,0.8810097188019094,0.11899028119809066,0
1094,,0.978448658290343,0.021551341709656967,0
1095,,0.4138782564287289,0.5861217435712711,1
1096,,0.9911519362423045,0.008848063757695557,0
1097,1597-FZREH,0.15551559031321116,0.8444844096867888,1
1098,,0.9687403954263205,0.031259604573679434,0
1099,,0.9204801269852405,0.07951987301475948,0
1100,,0.5808451246635539,0.41915487533644613,0
1101,,0.7565555194901723,0.24344448050982764,0
1102,1602-IJQQE,0.7888774720851663,0.21112252791483366,0
1103,,0.5436395944682446,0.45636040553175544,0
1104,1612-EOHDH,0.1737413421425683,0.8262586578574317,1
1105,1614-JBEBI,0.091899404034949,0.908100595965051,1
1106,,0.7487595522751038,0.2512404477248961,0
1107,,0.11427104312073155,0.8857289568792684,1
1108,,0.15635034524011726,0.8436496547598827,1
1109,,0.5204252180991531,0.47957478190084696,0
1110,1623-NLDOT,0.9717726243160134,0.02822737568398657,0
1111,1624-NALOJ,0.12886294053616654,0.8711370594638335,1
1112,,0.9884215752430678,0.011578424756932184,0
1113,,0.49216092395811606,0.5078390760418839,1
1114,1626-ERCMM,0.9448481152333617,0.055151884766638404,0
1115,,0.8835960889214438,0.11640391107855615,0
1116,,0.7243796432569172,0.27562035674308283,0
1117,,0.208278112324232,0.791721887675768,1
1118,,0.5434218506539168,0.45657814934608315,0
1119,1635-HDGFT,0.8843104548450605,0.1156895451549395,0
1120,,0.42514793213419066,0.5748520678658093,1
1121,,0.34829846277647836,0.6517015372235216,1
1122,,0.3038354108789888,0.6961645891210112,1
1123,,0.8722064274745515,0.12779357252544857,0
1124,,0.9525651457404553,0.04743485425954475,0
1125,,0.7853495656966971,0.2146504343033029,0
1126,,0.44184395989452663,0.5581560401054734,1
1127,,0.923955638555822,0.07604436144417802,0
1128,,0.27919598377137067,0.7208040162286293,1
1129,,0.9560428816580218,0.04395711834197825,0
1130,1658-TJVOA,0.20285600507085766,0.7971439949291423,1
1131,,0.6385433724011441,0.3614566275988559,0
1132,,0.8461105505871978,0.15388944941280228,0
1133,1661-CZBAU,0.6221659331856313,0.3778340668143687,0
1134,,0.960924555913329,0.03907544408667098,0
1135,,0.8356929784837361,0.16430702151626386,0
1136,,0.9798115171288317,0.020188482871168274,0
1137,,0.7050193370346667,0.2949806629653333,0
1138,,0.9916516969488761,0.008348303051123855,0
1139,,0.5404562741567702,0.45954372584322983,0
1140,1679-JRFBR,0.5398695578704503,0.4601304421295497,0
1141,,0.7737726530849078,0.22622734691509216,0
1142,,0.12129484292499182,0.8787051570750082,1
1143,1684-FLBGS,0.23690266332750332,0.7630973366724967,1
1144,,0.7297669777895526,0.2702330222104475,0
1145,,0.3791017930409074,0.6208982069590926,1
1146,,0.8530144761160002,0.14698552388399974,0
1147,,0.5615525562016244,0.4384474437983756,0
1148,,0.3964038689936008,0.6035961310063992,1
1149,,0.9913344592567812,0.008665540743218752,0
1150,,0.8083662821120803,0.1916337178879197,0
1151,1697-BCSHV,0.9804125966041084,0.01958740339589157,0
1152,1697-LYYYX,0.9880291328091101,0.011970867190889913,0
1153,,0.9677986843951576,0.032201315604842434,0
1154,,0.36872152276678294,0.6312784772332171,1
1155,,0.9858732059169647,0.014126794083035245,0
1156,,0.19889008488557813,0.8011099151144219,1
1157,,0.460007460690938,0.539992539309062,1
1158,,0.25796783177683225,0.7420321682231678,1
1159,,0.31449068184326023,0.6855093181567398,1
1160,,0.42508135222138665,0.5749186477786133,1
1161,,0.7288640042053649,0.27113599579463515,0
1162,1707-HABPF,0.9806093845302243,0.019390615469775767,0
1163,,0.8792198705427016,0.12078012945729846,0
1164,,0.6164110162776368,0.3835889837223631,0
1165,1710-RCXUS,0.6831554468581302,0.31684455314186977,0
1166,,0.4026834731798805,0.5973165268201195,1
1167,,0.9062330817203675,0.09376691827963249,0
1168,,0.8078278114286681,0.19217218857133195,0
1169,,0.9940578726974967,0.005942127302503321,0
1170,,0.33755780471993335,0.6624421952800666,1
1171,,0.24193133501900133,0.7580686649809987,1
1172,1725-MIMXW,0.8944149975197706,0.10558500248022944,0
1173,,0.37878176241075856,0.6212182375892414,1
1174,,0.1505741228535663,0.8494258771464337,1
1175,,0.1847047647757889,0.8152952352242111,1
1176,1730-VFMWO,0.9454594769358273,0.05454052306417268,0
1177,,0.5662631726613079,0.4337368273386922,0
1178,,0.15854108870664418,0.8414589112933558,1
1179,,0.15101318755156679,0.8489868124484332,1
1180,,0.9882818837527654,0.01171811624723466,0
1181,,0.36059264756390563,0.6394073524360944,1
1182,,0.7685984255981604,0.23140157440183964,0
1183,,0.7798039205337275,0.22019607946627254,0
1184,,0.9312476765366864,0.06875232346331363,0
1185,,0.21942775208389742,0.7805722479161026,1
1186,1746-TGTWV,0.4636542407488238,0.5363457592511762,1
1187,,0.13473459743260163,0.8652654025673984,1
1188,,0.40972646122449274,0.5902735387755073,1
1189,1752-OZXFY,0.2879410014482683,0.7120589985517317,1
1190,,0.9922310414143616,0.007768958585638431,0
1191,,0.7199143968917507,0.2800856031082493,0
1192,1755-RMCXH,0.6497080961708306,0.35029190382916936,0
1193,,0.17934640004071079,0.8206535999592892,1
1194,1760-CAZHT,0.19005381251600695,0.809946187483993,1
1195,,0.7551776683999987,0.2448223316000013,0
1196,,0.9699789750086649,0.03002102499133509,0
1197,,0.32912112882604816,0.6708788711739518,1
1198,,0.1976486902438025,0.8023513097561975,1
1199,1766-GKNMI,0.4288367810033491,0.5711632189966509,1
1200,1767-CJKBA,0.9061653475986157,0.09383465240138435,0
1201,,0.6208074383724017,0.3791925616275983,0
1202,,0.7471255289961767,0.2528744710038234,0
1203,,0.24580008491562644,0.7541999150843736,1
1204,1769-GRUIK,0.5962408068097484,0.40375919319025155,0
1205,,0.480132876819544,0.519867123180456,1
1206,,0.8245137656606079,0.1754862343393922,0
1207,,0.8425803330394743,0.15741966696052567,0
1208,,0.43385331652860193,0.5661466834713981,1
1209,1779-PWPMG,0.3203920970248957,0.6796079029751043,1
1210,,0.8296442978327585,0.1703557021672415,0
1211,,0.8155813166129608,0.1844186833870391,0
1212,,0.9412758501855142,0.058724149814485795,0
1213,,0.22465827536461003,0.77534172463539,1
1214,,0.20896008704262714,0.7910399129573729,1
1215,,0.33475599707425785,0.6652440029257422,1
1216,,0.9904125173227164,0.009587482677283585,0
1217,,0.29113595036687756,0.7088640496331224,1
1218,,0.15610282614194315,0.8438971738580568,1
1219,,0.33200466670820306,0.6679953332917969,1
1220,,0.6534493185049424,0.34655068149505763,0
1221,,0.7983449217889218,0.2016550782110782,0
1222,,0.681324273197714,0.31867572680228595,0
1223,1813-JLKWR,0.9342892197732433,0.06571078022675667,0
1224,,0.7757979847182812,0.22420201528171874,0
1225,1814-DKOLC,0.9574010688020075,0.04259893119799253,0
1226,,0.9227129205541741,0.07728707944582593,0
1227,,0.11841415276574929,0.8815858472342507,1
1228,,0.9946307859222627,0.005369214077737255,0
1229,,0.15973483615688855,0.8402651638431115,1
1230,,0.9614990965243873,0.03850090347561277,0
1231,,0.9925869719618482,0.007413028038151802,0
1232,,0.12799826572951079,0.8720017342704892,1
1233,,0.353566974153669,0.646433025846331,1
1234,,0.1114511016754931,0.8885488983245069,1
1235,,0.12775841912602326,0.8722415808739767,1
1236,,0.1187160631701577,0.8812839368298423,1
1237,,0.29858723224254535,0.7014127677574546,1
1238,,0.6343443161099169,0.36565568389008307,0
1239,,0.8468185318702021,0.1531814681297979,0
1240,1839-FBNFR,0.19068925320302343,0.8093107467969766,1
1241,1839-UMACK,0.2630863181919628,0.7369136818080372,1
1242,,0.2522671921202112,0.7477328078797888,1
1243,,0.21612548876514148,0.7838745112348585,1
1244,,0.5981861060602172,0.4018138939397828,0
1245,,0.11700927915534576,0.8829907208446542,1
1246,,0.650993099980141,0.34900690001985896,0
1247,,0.13699379697293124,0.8630062030270688,1
1248,,0.9485641664080288,0.05143583359197121,0
1249,,0.9871308906105241,0.012869109389475938,0
1250,1849-RJYIG,0.5974364507069325,0.4025635492930675,0
1251,,0.9212624431408689,0.07873755685913113,0
1252,,0.39945702468925937,0.6005429753107406,1
1253,,0.9200906741694217,0.07990932583057826,0
1254,,0.8816566826969476,0.1183433173030524,0
1255,1853-UDXBW,0.20588081624045085,0.7941191837595492,1
1256,,0.989432497329465,0.01056750267053494,0
1257,,0.5209302764260908,0.47906972357390915,0
1258,1862-QRWPE,0.9838163796350268,0.016183620364973273,0
1259,,0.5823848359006177,0.41761516409938226,0
1260,,0.724963907750292,0.27503609224970804,0
1261,1866-NXPSP,0.1317799845642983,0.8682200154357017,1
1262,,0.5465489171619051,0.4534510828380948,0
1263,1866-RZZQS,0.7793046464151173,0.22069535358488268,0
1264,,0.12955727772817338,0.8704427222718266,1
1265,,0.7105954692637588,0.2894045307362411,0
1266,,0.1277854203544776,0.8722145796455224,1
1267,,0.7390268670742328,0.26097313292576724,0
1268,,0.7493606249987523,0.2506393750012476,0
1269,,0.39935895153991496,0.600641048460085,1
1270,,0.9930516739950219,0.00694832600497809,0
1271,,0.8154578004190821,0.1845421995809179,0
1272,1891-QRQSA,0.5564845999000854,0.44351540009991464,0
1273,,0.39783830441932777,0.6021616955806722,1
1274,,0.680646318951586,0.319353681048414,0
1275,1895-QTKDO,0.9768835883227636,0.023116411677236413,0
1276,1897-OKVMW,0.132080090661562,0.867919909338438,1
1277,1897-RCFUM,0.864742742871387,0.13525725712861306,0
1278,,0.937708457846699,0.06229154215330097,0
1279,,0.18929031250234007,0.8107096874976599,1
1280,1902-XBTFB,0.9028378650327922,0.09716213496720784,0
1281,,0.5205468151260331,0.47945318487396693,0
1282,1905-OEILC,0.7290465452109758,0.2709534547890242,0
1283,,0.9454732154225489,0.05452678457745114,0
1284,,0.9849481995579045,0.01505180044209557,0
1285,,0.5504199495858626,0.4495800504141374,0
1286,,0.9847356595642147,0.015264340435785253,0
1287,,0.38905770453885946,0.6109422954611405,1
1288,,0.09617746753660117,0.9038225324633988,1
1289,,0.4762156122807769,0.5237843877192231,1
1290,,0.8392366491670159,0.16076335083298413,0
1291,1925-GMVBW,0.8232308661173321,0.1767691338826679,0
1292,,0.8696018390229132,0.13039816097708676,0
1293,1925-TIBLE,0.704936250473146,0.295063749526854,0
1294,,0.30092308032406534,0.6990769196759347,1
1295,,0.652082137659914,0.3479178623400861,0
1296,,0.20902216350945857,0.7909778364905414,1
1297,,0.2803689956452602,0.7196310043547398,1
1298,,0.8691906514224413,0.13080934857755866,0
1299,,0.8176442368249055,0.18235576317509455,0
1300,1930-WNXSB,0.7752621204685713,0.22473787953142868,0
1301,,0.45986250990402966,0.5401374900959703,1
1302,,0.9899958898725701,0.010004110127429895,0
1303,1934-SJVJK,0.5368078019035931,0.4631921980964068,0
1304,,0.8097882751905463,0.19021172480945372,0
1305,,0.9922346840841106,0.00776531591588932,0
1306,,0.2879649153553515,0.7120350846446485,1
1307,,0.2963071437072857,0.7036928562927143,1
1308,,0.23342752025058466,0.7665724797494153,1
1309,,0.12719942669868511,0.8728005733013149,1
1310,,0.8935893255859981,0.10641067441400189,0
1311,,0.7143878307463651,0.28561216925363486,0
1312,,0.37177011999064424,0.6282298800093558,1
1313,1952-DVVSW,0.9895719813820025,0.010428018617997484,0
1314,,0.24514530088552144,0.7548546991144786,1
1315,,0.9328729924313649,0.06712700756863507,0
1316,,0.08485472288492102,0.915145277115079,1
1317,,0.9748701336075941,0.025129866392405855,0
1318,,0.602934747486603,0.39706525251339697,0
1319,1963-SVUCV,0.13144082826758996,0.86855917173241,1
1320,,0.3718722128570491,0.6281277871429509,1
1321,,0.987249554534688,0.012750445465311988,0
1322,,0.41157566442048465,0.5884243355795153,1
1323,1965-DDBWU,0.3150312121834896,0.6849687878165104,1
1324,,0.5207264849222948,0.47927351507770516,0
1325,,0.5699090429593195,0.43009095704068045,0
1326,,0.5617832592236409,0.4382167407763591,0
1327,,0.6987304214186194,0.30126957858138054,0
1328,1976-CFOCS,0.5902365540883152,0.40976344591168473,0
1329,1977-STDKI,0.9839596607163097,0.016040339283690332,0
1330,,0.1427827372601035,0.8572172627398965,1
1331,,0.3449670774661665,0.6550329225338335,1
1332,,0.8100602003300355,0.1899397996699646,0
1333,1984-FCOWB,0.11037852122430025,0.8896214787756997,1
1334,,0.39479469551458135,0.6052053044854186,1
1335,,0.18523408812771625,0.8147659118722838,1
1336,,0.7384035755536532,0.2615964244463468,0
1337,,0.22192133620903487,0.7780786637909651,1
1338,,0.4174476071467663,0.5825523928532337,1
1339,,0.4147488222809771,0.5852511777190229,1
1340,1996-DBMUS,0.9858965004720522,0.014103499527947724,0
1341,,0.9420170577556035,0.05798294224439654,0
1342,,0.10790756243235367,0.8920924375676463,1
1343,,0.30634983312568986,0.6936501668743101,1
1344,,0.9901362283349832,0.00986377166501682,0
1345,,0.5673111036373019,0.43268889636269814,0
1346,,0.19580919828603816,0.8041908017139618,1
1347,,0.4960898074686987,0.5039101925313013,1
1348,2004-OCQXK,0.47174841521811073,0.5282515847818893,1
1349,,0.16241431276216045,0.8375856872378395,1
1350,,0.24508345418190491,0.7549165458180951,1
1351,,0.15005812499959792,0.8499418750004021,1
1352,,0.21706319916623595,0.782936800833764,1
1353,,0.11002080776248346,0.8899791922375165,1
1354,,0.11131392796135631,0.8886860720386437,1
1355,,0.5496236887092678,0.4503763112907322,0
1356,,0.4891616075111018,0.5108383924888982,1
1357,,0.8197921441824116,0.18020785581758836,0
1358,,0.8009904831589165,0.19900951684108353,0
1359,,0.1039069727546168,0.8960930272453832,1
1360,,0.21755218365562268,0.7824478163443773,1
1361,,0.23264429671990272,0.7673557032800973,1
1362,,0.7707186111973405,0.2292813888026594,0
1363,,0.827703802088663,0.17229619791133696,0
1364,,0.42481655684601427,0.5751834431539857,1
1365,,0.6018782640496743,0.3981217359503257,0
1366,,0.6427335746711753,0.3572664253288247,0
1367,,0.9495409949485016,0.05045900505149836,0
1368,,0.1286282148718887,0.8713717851281113,1
1369,,0.42452313417031085,0.5754768658296892,1
1370,,0.967236017866199,0.032763982133801016,0
1371,,0.9761447801771794,0.02385521982282057,0
1372,,0.12190505220426273,0.8780949477957373,1
1373,,0.8524415785605594,0.14755842143944067,0
1374,2038-OEQZH,0.709265188368012,0.290734811631988,0
1375,,0.2559572165650197,0.7440427834349803,1
1376,,0.36593451484056205,0.634065485159438,1
1377,,0.887475581282536,0.11252441871746396,0
1378,,0.1955648205554008,0.8044351794445992,1
1379,,0.9712655738788742,0.028734426121125776,0
1380,,0.7785923596551942,0.22140764034480576,0
1381,,0.9217082152230095,0.07829178477699052,0
1382,,0.14959919438754632,0.8504008056124537,1
1383,2045-BMBTJ,0.9597723212058991,0.040227678794100885,0
1384,,0.0956941823790236,0.9043058176209764,1
1385,,0.7835476200837724,0.21645237991622754,0
1386,,0.2212666514569247,0.7787333485430753,1
1387,,0.9781796788562591,0.021820321143740874,0
1388,,0.9550584493964884,0.044941550603511626,0
1389,,0.20180195522512223,0.7981980447748778,1
1390,,0.21662019889481676,0.7833798011051832,1
1391,,0.5864553923702734,0.41354460762972656,0
1392,2057-ZBLPD,0.9766530958795525,0.023346904120447466,0
1393,,0.5771862936455661,0.42281370635443394,0
1394,,0.5508171012694408,0.44918289873055917,0
1395,,0.7555326321299216,0.24446736787007842,0
1396,,0.9248391754908387,0.0751608245091613,0
1397,,0.6990025803433573,0.30099741965664273,0
1398,,0.7722542588827218,0.2277457411172782,0
1399,,0.31603797786749244,0.6839620221325076,1
1400,,0.14086723450988037,0.8591327654901196,1
1401,2073-QBVBI,0.28056847382220806,0.7194315261777919,1
1402,2074-GKOWZ,0.6139335452128605,0.3860664547871396,0
1403,,0.7028579473963756,0.2971420526036244,0
1404,,0.7652967146614033,0.23470328533859675,0
1405,,0.7464241234046258,0.2535758765953741,0
1406,,0.5707762489315633,0.42922375106843674,0
